Compound.Name,Emperical.Formula,Column,m.z,z,C,N,this.N,possibilities,names.isotopes,iso.mz,Compound.and.Iso.name
Chlorophyll,C55H72O2N4Mg,Lipid,893.5426,1,55,4,4,280,13C-0 15N-0,893.5426,Chlorophyll_13C-0 15N-0
Chlorophyll,C55H72O2N4Mg,Lipid,893.5426,1,55,4,4,280,13C-1 15N-0,894.5459539999999,Chlorophyll_13C-1 15N-0
Chlorophyll,C55H72O2N4Mg,Lipid,893.5426,1,55,4,4,280,13C-2 15N-0,895.549308,Chlorophyll_13C-2 15N-0
Chlorophyll,C55H72O2N4Mg,Lipid,893.5426,1,55,4,4,280,13C-3 15N-0,896.5526619999999,Chlorophyll_13C-3 15N-0
Chlorophyll,C55H72O2N4Mg,Lipid,893.5426,1,55,4,4,280,13C-4 15N-0,897.556016,Chlorophyll_13C-4 15N-0
Chlorophyll,C55H72O2N4Mg,Lipid,893.5426,1,55,4,4,280,13C-5 15N-0,898.55937,Chlorophyll_13C-5 15N-0
Chlorophyll,C55H72O2N4Mg,Lipid,893.5426,1,55,4,4,280,13C-6 15N-0,899.562724,Chlorophyll_13C-6 15N-0
Chlorophyll,C55H72O2N4Mg,Lipid,893.5426,1,55,4,4,280,13C-7 15N-0,900.566078,Chlorophyll_13C-7 15N-0
Chlorophyll,C55H72O2N4Mg,Lipid,893.5426,1,55,4,4,280,13C-8 15N-0,901.569432,Chlorophyll_13C-8 15N-0
Chlorophyll,C55H72O2N4Mg,Lipid,893.5426,1,55,4,4,280,13C-9 15N-0,902.572786,Chlorophyll_13C-9 15N-0
Chlorophyll,C55H72O2N4Mg,Lipid,893.5426,1,55,4,4,280,13C-10 15N-0,903.57614,Chlorophyll_13C-10 15N-0
Chlorophyll,C55H72O2N4Mg,Lipid,893.5426,1,55,4,4,280,13C-11 15N-0,904.579494,Chlorophyll_13C-11 15N-0
Chlorophyll,C55H72O2N4Mg,Lipid,893.5426,1,55,4,4,280,13C-12 15N-0,905.582848,Chlorophyll_13C-12 15N-0
Chlorophyll,C55H72O2N4Mg,Lipid,893.5426,1,55,4,4,280,13C-13 15N-0,906.586202,Chlorophyll_13C-13 15N-0
Chlorophyll,C55H72O2N4Mg,Lipid,893.5426,1,55,4,4,280,13C-14 15N-0,907.589556,Chlorophyll_13C-14 15N-0
Chlorophyll,C55H72O2N4Mg,Lipid,893.5426,1,55,4,4,280,13C-15 15N-0,908.59291,Chlorophyll_13C-15 15N-0
Chlorophyll,C55H72O2N4Mg,Lipid,893.5426,1,55,4,4,280,13C-16 15N-0,909.596264,Chlorophyll_13C-16 15N-0
Chlorophyll,C55H72O2N4Mg,Lipid,893.5426,1,55,4,4,280,13C-17 15N-0,910.599618,Chlorophyll_13C-17 15N-0
Chlorophyll,C55H72O2N4Mg,Lipid,893.5426,1,55,4,4,280,13C-18 15N-0,911.602972,Chlorophyll_13C-18 15N-0
Chlorophyll,C55H72O2N4Mg,Lipid,893.5426,1,55,4,4,280,13C-19 15N-0,912.606326,Chlorophyll_13C-19 15N-0
Chlorophyll,C55H72O2N4Mg,Lipid,893.5426,1,55,4,4,280,13C-20 15N-0,913.60968,Chlorophyll_13C-20 15N-0
Chlorophyll,C55H72O2N4Mg,Lipid,893.5426,1,55,4,4,280,13C-21 15N-0,914.613034,Chlorophyll_13C-21 15N-0
Chlorophyll,C55H72O2N4Mg,Lipid,893.5426,1,55,4,4,280,13C-22 15N-0,915.616388,Chlorophyll_13C-22 15N-0
Chlorophyll,C55H72O2N4Mg,Lipid,893.5426,1,55,4,4,280,13C-23 15N-0,916.619742,Chlorophyll_13C-23 15N-0
Chlorophyll,C55H72O2N4Mg,Lipid,893.5426,1,55,4,4,280,13C-24 15N-0,917.623096,Chlorophyll_13C-24 15N-0
Chlorophyll,C55H72O2N4Mg,Lipid,893.5426,1,55,4,4,280,13C-25 15N-0,918.62645,Chlorophyll_13C-25 15N-0
Chlorophyll,C55H72O2N4Mg,Lipid,893.5426,1,55,4,4,280,13C-26 15N-0,919.629804,Chlorophyll_13C-26 15N-0
Chlorophyll,C55H72O2N4Mg,Lipid,893.5426,1,55,4,4,280,13C-27 15N-0,920.633158,Chlorophyll_13C-27 15N-0
Chlorophyll,C55H72O2N4Mg,Lipid,893.5426,1,55,4,4,280,13C-28 15N-0,921.636512,Chlorophyll_13C-28 15N-0
Chlorophyll,C55H72O2N4Mg,Lipid,893.5426,1,55,4,4,280,13C-29 15N-0,922.639866,Chlorophyll_13C-29 15N-0
Chlorophyll,C55H72O2N4Mg,Lipid,893.5426,1,55,4,4,280,13C-30 15N-0,923.64322,Chlorophyll_13C-30 15N-0
Chlorophyll,C55H72O2N4Mg,Lipid,893.5426,1,55,4,4,280,13C-31 15N-0,924.646574,Chlorophyll_13C-31 15N-0
Chlorophyll,C55H72O2N4Mg,Lipid,893.5426,1,55,4,4,280,13C-32 15N-0,925.649928,Chlorophyll_13C-32 15N-0
Chlorophyll,C55H72O2N4Mg,Lipid,893.5426,1,55,4,4,280,13C-33 15N-0,926.653282,Chlorophyll_13C-33 15N-0
Chlorophyll,C55H72O2N4Mg,Lipid,893.5426,1,55,4,4,280,13C-34 15N-0,927.656636,Chlorophyll_13C-34 15N-0
Chlorophyll,C55H72O2N4Mg,Lipid,893.5426,1,55,4,4,280,13C-35 15N-0,928.65999,Chlorophyll_13C-35 15N-0
Chlorophyll,C55H72O2N4Mg,Lipid,893.5426,1,55,4,4,280,13C-36 15N-0,929.663344,Chlorophyll_13C-36 15N-0
Chlorophyll,C55H72O2N4Mg,Lipid,893.5426,1,55,4,4,280,13C-37 15N-0,930.666698,Chlorophyll_13C-37 15N-0
Chlorophyll,C55H72O2N4Mg,Lipid,893.5426,1,55,4,4,280,13C-38 15N-0,931.6700519999999,Chlorophyll_13C-38 15N-0
Chlorophyll,C55H72O2N4Mg,Lipid,893.5426,1,55,4,4,280,13C-39 15N-0,932.673406,Chlorophyll_13C-39 15N-0
Chlorophyll,C55H72O2N4Mg,Lipid,893.5426,1,55,4,4,280,13C-40 15N-0,933.67676,Chlorophyll_13C-40 15N-0
Chlorophyll,C55H72O2N4Mg,Lipid,893.5426,1,55,4,4,280,13C-41 15N-0,934.680114,Chlorophyll_13C-41 15N-0
Chlorophyll,C55H72O2N4Mg,Lipid,893.5426,1,55,4,4,280,13C-42 15N-0,935.683468,Chlorophyll_13C-42 15N-0
Chlorophyll,C55H72O2N4Mg,Lipid,893.5426,1,55,4,4,280,13C-43 15N-0,936.686822,Chlorophyll_13C-43 15N-0
Chlorophyll,C55H72O2N4Mg,Lipid,893.5426,1,55,4,4,280,13C-44 15N-0,937.690176,Chlorophyll_13C-44 15N-0
Chlorophyll,C55H72O2N4Mg,Lipid,893.5426,1,55,4,4,280,13C-45 15N-0,938.69353,Chlorophyll_13C-45 15N-0
Chlorophyll,C55H72O2N4Mg,Lipid,893.5426,1,55,4,4,280,13C-46 15N-0,939.696884,Chlorophyll_13C-46 15N-0
Chlorophyll,C55H72O2N4Mg,Lipid,893.5426,1,55,4,4,280,13C-47 15N-0,940.700238,Chlorophyll_13C-47 15N-0
Chlorophyll,C55H72O2N4Mg,Lipid,893.5426,1,55,4,4,280,13C-48 15N-0,941.703592,Chlorophyll_13C-48 15N-0
Chlorophyll,C55H72O2N4Mg,Lipid,893.5426,1,55,4,4,280,13C-49 15N-0,942.706946,Chlorophyll_13C-49 15N-0
Chlorophyll,C55H72O2N4Mg,Lipid,893.5426,1,55,4,4,280,13C-50 15N-0,943.7103,Chlorophyll_13C-50 15N-0
Chlorophyll,C55H72O2N4Mg,Lipid,893.5426,1,55,4,4,280,13C-51 15N-0,944.713654,Chlorophyll_13C-51 15N-0
Chlorophyll,C55H72O2N4Mg,Lipid,893.5426,1,55,4,4,280,13C-52 15N-0,945.717008,Chlorophyll_13C-52 15N-0
Chlorophyll,C55H72O2N4Mg,Lipid,893.5426,1,55,4,4,280,13C-53 15N-0,946.720362,Chlorophyll_13C-53 15N-0
Chlorophyll,C55H72O2N4Mg,Lipid,893.5426,1,55,4,4,280,13C-54 15N-0,947.723716,Chlorophyll_13C-54 15N-0
Chlorophyll,C55H72O2N4Mg,Lipid,893.5426,1,55,4,4,280,13C-55 15N-0,948.72707,Chlorophyll_13C-55 15N-0
Chlorophyll,C55H72O2N4Mg,Lipid,893.5426,1,55,4,4,280,13C-0 15N-1,894.539636,Chlorophyll_13C-0 15N-1
Chlorophyll,C55H72O2N4Mg,Lipid,893.5426,1,55,4,4,280,13C-1 15N-1,895.5429899999999,Chlorophyll_13C-1 15N-1
Chlorophyll,C55H72O2N4Mg,Lipid,893.5426,1,55,4,4,280,13C-2 15N-1,896.546344,Chlorophyll_13C-2 15N-1
Chlorophyll,C55H72O2N4Mg,Lipid,893.5426,1,55,4,4,280,13C-3 15N-1,897.5496979999999,Chlorophyll_13C-3 15N-1
Chlorophyll,C55H72O2N4Mg,Lipid,893.5426,1,55,4,4,280,13C-4 15N-1,898.553052,Chlorophyll_13C-4 15N-1
Chlorophyll,C55H72O2N4Mg,Lipid,893.5426,1,55,4,4,280,13C-5 15N-1,899.5564059999999,Chlorophyll_13C-5 15N-1
Chlorophyll,C55H72O2N4Mg,Lipid,893.5426,1,55,4,4,280,13C-6 15N-1,900.55976,Chlorophyll_13C-6 15N-1
Chlorophyll,C55H72O2N4Mg,Lipid,893.5426,1,55,4,4,280,13C-7 15N-1,901.5631139999999,Chlorophyll_13C-7 15N-1
Chlorophyll,C55H72O2N4Mg,Lipid,893.5426,1,55,4,4,280,13C-8 15N-1,902.566468,Chlorophyll_13C-8 15N-1
Chlorophyll,C55H72O2N4Mg,Lipid,893.5426,1,55,4,4,280,13C-9 15N-1,903.5698219999999,Chlorophyll_13C-9 15N-1
Chlorophyll,C55H72O2N4Mg,Lipid,893.5426,1,55,4,4,280,13C-10 15N-1,904.573176,Chlorophyll_13C-10 15N-1
Chlorophyll,C55H72O2N4Mg,Lipid,893.5426,1,55,4,4,280,13C-11 15N-1,905.5765299999999,Chlorophyll_13C-11 15N-1
Chlorophyll,C55H72O2N4Mg,Lipid,893.5426,1,55,4,4,280,13C-12 15N-1,906.579884,Chlorophyll_13C-12 15N-1
Chlorophyll,C55H72O2N4Mg,Lipid,893.5426,1,55,4,4,280,13C-13 15N-1,907.5832379999999,Chlorophyll_13C-13 15N-1
Chlorophyll,C55H72O2N4Mg,Lipid,893.5426,1,55,4,4,280,13C-14 15N-1,908.586592,Chlorophyll_13C-14 15N-1
Chlorophyll,C55H72O2N4Mg,Lipid,893.5426,1,55,4,4,280,13C-15 15N-1,909.5899459999999,Chlorophyll_13C-15 15N-1
Chlorophyll,C55H72O2N4Mg,Lipid,893.5426,1,55,4,4,280,13C-16 15N-1,910.5933,Chlorophyll_13C-16 15N-1
Chlorophyll,C55H72O2N4Mg,Lipid,893.5426,1,55,4,4,280,13C-17 15N-1,911.596654,Chlorophyll_13C-17 15N-1
Chlorophyll,C55H72O2N4Mg,Lipid,893.5426,1,55,4,4,280,13C-18 15N-1,912.600008,Chlorophyll_13C-18 15N-1
Chlorophyll,C55H72O2N4Mg,Lipid,893.5426,1,55,4,4,280,13C-19 15N-1,913.603362,Chlorophyll_13C-19 15N-1
Chlorophyll,C55H72O2N4Mg,Lipid,893.5426,1,55,4,4,280,13C-20 15N-1,914.606716,Chlorophyll_13C-20 15N-1
Chlorophyll,C55H72O2N4Mg,Lipid,893.5426,1,55,4,4,280,13C-21 15N-1,915.61007,Chlorophyll_13C-21 15N-1
Chlorophyll,C55H72O2N4Mg,Lipid,893.5426,1,55,4,4,280,13C-22 15N-1,916.613424,Chlorophyll_13C-22 15N-1
Chlorophyll,C55H72O2N4Mg,Lipid,893.5426,1,55,4,4,280,13C-23 15N-1,917.616778,Chlorophyll_13C-23 15N-1
Chlorophyll,C55H72O2N4Mg,Lipid,893.5426,1,55,4,4,280,13C-24 15N-1,918.620132,Chlorophyll_13C-24 15N-1
Chlorophyll,C55H72O2N4Mg,Lipid,893.5426,1,55,4,4,280,13C-25 15N-1,919.623486,Chlorophyll_13C-25 15N-1
Chlorophyll,C55H72O2N4Mg,Lipid,893.5426,1,55,4,4,280,13C-26 15N-1,920.62684,Chlorophyll_13C-26 15N-1
Chlorophyll,C55H72O2N4Mg,Lipid,893.5426,1,55,4,4,280,13C-27 15N-1,921.630194,Chlorophyll_13C-27 15N-1
Chlorophyll,C55H72O2N4Mg,Lipid,893.5426,1,55,4,4,280,13C-28 15N-1,922.633548,Chlorophyll_13C-28 15N-1
Chlorophyll,C55H72O2N4Mg,Lipid,893.5426,1,55,4,4,280,13C-29 15N-1,923.636902,Chlorophyll_13C-29 15N-1
Chlorophyll,C55H72O2N4Mg,Lipid,893.5426,1,55,4,4,280,13C-30 15N-1,924.640256,Chlorophyll_13C-30 15N-1
Chlorophyll,C55H72O2N4Mg,Lipid,893.5426,1,55,4,4,280,13C-31 15N-1,925.64361,Chlorophyll_13C-31 15N-1
Chlorophyll,C55H72O2N4Mg,Lipid,893.5426,1,55,4,4,280,13C-32 15N-1,926.646964,Chlorophyll_13C-32 15N-1
Chlorophyll,C55H72O2N4Mg,Lipid,893.5426,1,55,4,4,280,13C-33 15N-1,927.650318,Chlorophyll_13C-33 15N-1
Chlorophyll,C55H72O2N4Mg,Lipid,893.5426,1,55,4,4,280,13C-34 15N-1,928.653672,Chlorophyll_13C-34 15N-1
Chlorophyll,C55H72O2N4Mg,Lipid,893.5426,1,55,4,4,280,13C-35 15N-1,929.657026,Chlorophyll_13C-35 15N-1
Chlorophyll,C55H72O2N4Mg,Lipid,893.5426,1,55,4,4,280,13C-36 15N-1,930.66038,Chlorophyll_13C-36 15N-1
Chlorophyll,C55H72O2N4Mg,Lipid,893.5426,1,55,4,4,280,13C-37 15N-1,931.663734,Chlorophyll_13C-37 15N-1
Chlorophyll,C55H72O2N4Mg,Lipid,893.5426,1,55,4,4,280,13C-38 15N-1,932.6670879999999,Chlorophyll_13C-38 15N-1
Chlorophyll,C55H72O2N4Mg,Lipid,893.5426,1,55,4,4,280,13C-39 15N-1,933.670442,Chlorophyll_13C-39 15N-1
Chlorophyll,C55H72O2N4Mg,Lipid,893.5426,1,55,4,4,280,13C-40 15N-1,934.6737959999999,Chlorophyll_13C-40 15N-1
Chlorophyll,C55H72O2N4Mg,Lipid,893.5426,1,55,4,4,280,13C-41 15N-1,935.67715,Chlorophyll_13C-41 15N-1
Chlorophyll,C55H72O2N4Mg,Lipid,893.5426,1,55,4,4,280,13C-42 15N-1,936.6805039999999,Chlorophyll_13C-42 15N-1
Chlorophyll,C55H72O2N4Mg,Lipid,893.5426,1,55,4,4,280,13C-43 15N-1,937.683858,Chlorophyll_13C-43 15N-1
Chlorophyll,C55H72O2N4Mg,Lipid,893.5426,1,55,4,4,280,13C-44 15N-1,938.6872119999999,Chlorophyll_13C-44 15N-1
Chlorophyll,C55H72O2N4Mg,Lipid,893.5426,1,55,4,4,280,13C-45 15N-1,939.690566,Chlorophyll_13C-45 15N-1
Chlorophyll,C55H72O2N4Mg,Lipid,893.5426,1,55,4,4,280,13C-46 15N-1,940.6939199999999,Chlorophyll_13C-46 15N-1
Chlorophyll,C55H72O2N4Mg,Lipid,893.5426,1,55,4,4,280,13C-47 15N-1,941.697274,Chlorophyll_13C-47 15N-1
Chlorophyll,C55H72O2N4Mg,Lipid,893.5426,1,55,4,4,280,13C-48 15N-1,942.7006279999999,Chlorophyll_13C-48 15N-1
Chlorophyll,C55H72O2N4Mg,Lipid,893.5426,1,55,4,4,280,13C-49 15N-1,943.703982,Chlorophyll_13C-49 15N-1
Chlorophyll,C55H72O2N4Mg,Lipid,893.5426,1,55,4,4,280,13C-50 15N-1,944.7073359999999,Chlorophyll_13C-50 15N-1
Chlorophyll,C55H72O2N4Mg,Lipid,893.5426,1,55,4,4,280,13C-51 15N-1,945.71069,Chlorophyll_13C-51 15N-1
Chlorophyll,C55H72O2N4Mg,Lipid,893.5426,1,55,4,4,280,13C-52 15N-1,946.714044,Chlorophyll_13C-52 15N-1
Chlorophyll,C55H72O2N4Mg,Lipid,893.5426,1,55,4,4,280,13C-53 15N-1,947.717398,Chlorophyll_13C-53 15N-1
Chlorophyll,C55H72O2N4Mg,Lipid,893.5426,1,55,4,4,280,13C-54 15N-1,948.720752,Chlorophyll_13C-54 15N-1
Chlorophyll,C55H72O2N4Mg,Lipid,893.5426,1,55,4,4,280,13C-55 15N-1,949.724106,Chlorophyll_13C-55 15N-1
Chlorophyll,C55H72O2N4Mg,Lipid,893.5426,1,55,4,4,280,13C-0 15N-2,895.536672,Chlorophyll_13C-0 15N-2
Chlorophyll,C55H72O2N4Mg,Lipid,893.5426,1,55,4,4,280,13C-1 15N-2,896.5400259999999,Chlorophyll_13C-1 15N-2
Chlorophyll,C55H72O2N4Mg,Lipid,893.5426,1,55,4,4,280,13C-2 15N-2,897.54338,Chlorophyll_13C-2 15N-2
Chlorophyll,C55H72O2N4Mg,Lipid,893.5426,1,55,4,4,280,13C-3 15N-2,898.5467339999999,Chlorophyll_13C-3 15N-2
Chlorophyll,C55H72O2N4Mg,Lipid,893.5426,1,55,4,4,280,13C-4 15N-2,899.550088,Chlorophyll_13C-4 15N-2
Chlorophyll,C55H72O2N4Mg,Lipid,893.5426,1,55,4,4,280,13C-5 15N-2,900.5534419999999,Chlorophyll_13C-5 15N-2
Chlorophyll,C55H72O2N4Mg,Lipid,893.5426,1,55,4,4,280,13C-6 15N-2,901.556796,Chlorophyll_13C-6 15N-2
Chlorophyll,C55H72O2N4Mg,Lipid,893.5426,1,55,4,4,280,13C-7 15N-2,902.5601499999999,Chlorophyll_13C-7 15N-2
Chlorophyll,C55H72O2N4Mg,Lipid,893.5426,1,55,4,4,280,13C-8 15N-2,903.563504,Chlorophyll_13C-8 15N-2
Chlorophyll,C55H72O2N4Mg,Lipid,893.5426,1,55,4,4,280,13C-9 15N-2,904.5668579999999,Chlorophyll_13C-9 15N-2
Chlorophyll,C55H72O2N4Mg,Lipid,893.5426,1,55,4,4,280,13C-10 15N-2,905.570212,Chlorophyll_13C-10 15N-2
Chlorophyll,C55H72O2N4Mg,Lipid,893.5426,1,55,4,4,280,13C-11 15N-2,906.5735659999999,Chlorophyll_13C-11 15N-2
Chlorophyll,C55H72O2N4Mg,Lipid,893.5426,1,55,4,4,280,13C-12 15N-2,907.57692,Chlorophyll_13C-12 15N-2
Chlorophyll,C55H72O2N4Mg,Lipid,893.5426,1,55,4,4,280,13C-13 15N-2,908.5802739999999,Chlorophyll_13C-13 15N-2
Chlorophyll,C55H72O2N4Mg,Lipid,893.5426,1,55,4,4,280,13C-14 15N-2,909.583628,Chlorophyll_13C-14 15N-2
Chlorophyll,C55H72O2N4Mg,Lipid,893.5426,1,55,4,4,280,13C-15 15N-2,910.5869819999999,Chlorophyll_13C-15 15N-2
Chlorophyll,C55H72O2N4Mg,Lipid,893.5426,1,55,4,4,280,13C-16 15N-2,911.590336,Chlorophyll_13C-16 15N-2
Chlorophyll,C55H72O2N4Mg,Lipid,893.5426,1,55,4,4,280,13C-17 15N-2,912.5936899999999,Chlorophyll_13C-17 15N-2
Chlorophyll,C55H72O2N4Mg,Lipid,893.5426,1,55,4,4,280,13C-18 15N-2,913.597044,Chlorophyll_13C-18 15N-2
Chlorophyll,C55H72O2N4Mg,Lipid,893.5426,1,55,4,4,280,13C-19 15N-2,914.6003979999999,Chlorophyll_13C-19 15N-2
Chlorophyll,C55H72O2N4Mg,Lipid,893.5426,1,55,4,4,280,13C-20 15N-2,915.603752,Chlorophyll_13C-20 15N-2
Chlorophyll,C55H72O2N4Mg,Lipid,893.5426,1,55,4,4,280,13C-21 15N-2,916.6071059999999,Chlorophyll_13C-21 15N-2
Chlorophyll,C55H72O2N4Mg,Lipid,893.5426,1,55,4,4,280,13C-22 15N-2,917.61046,Chlorophyll_13C-22 15N-2
Chlorophyll,C55H72O2N4Mg,Lipid,893.5426,1,55,4,4,280,13C-23 15N-2,918.6138139999999,Chlorophyll_13C-23 15N-2
Chlorophyll,C55H72O2N4Mg,Lipid,893.5426,1,55,4,4,280,13C-24 15N-2,919.617168,Chlorophyll_13C-24 15N-2
Chlorophyll,C55H72O2N4Mg,Lipid,893.5426,1,55,4,4,280,13C-25 15N-2,920.6205219999999,Chlorophyll_13C-25 15N-2
Chlorophyll,C55H72O2N4Mg,Lipid,893.5426,1,55,4,4,280,13C-26 15N-2,921.623876,Chlorophyll_13C-26 15N-2
Chlorophyll,C55H72O2N4Mg,Lipid,893.5426,1,55,4,4,280,13C-27 15N-2,922.6272299999999,Chlorophyll_13C-27 15N-2
Chlorophyll,C55H72O2N4Mg,Lipid,893.5426,1,55,4,4,280,13C-28 15N-2,923.630584,Chlorophyll_13C-28 15N-2
Chlorophyll,C55H72O2N4Mg,Lipid,893.5426,1,55,4,4,280,13C-29 15N-2,924.633938,Chlorophyll_13C-29 15N-2
Chlorophyll,C55H72O2N4Mg,Lipid,893.5426,1,55,4,4,280,13C-30 15N-2,925.637292,Chlorophyll_13C-30 15N-2
Chlorophyll,C55H72O2N4Mg,Lipid,893.5426,1,55,4,4,280,13C-31 15N-2,926.640646,Chlorophyll_13C-31 15N-2
Chlorophyll,C55H72O2N4Mg,Lipid,893.5426,1,55,4,4,280,13C-32 15N-2,927.644,Chlorophyll_13C-32 15N-2
Chlorophyll,C55H72O2N4Mg,Lipid,893.5426,1,55,4,4,280,13C-33 15N-2,928.647354,Chlorophyll_13C-33 15N-2
Chlorophyll,C55H72O2N4Mg,Lipid,893.5426,1,55,4,4,280,13C-34 15N-2,929.650708,Chlorophyll_13C-34 15N-2
Chlorophyll,C55H72O2N4Mg,Lipid,893.5426,1,55,4,4,280,13C-35 15N-2,930.654062,Chlorophyll_13C-35 15N-2
Chlorophyll,C55H72O2N4Mg,Lipid,893.5426,1,55,4,4,280,13C-36 15N-2,931.657416,Chlorophyll_13C-36 15N-2
Chlorophyll,C55H72O2N4Mg,Lipid,893.5426,1,55,4,4,280,13C-37 15N-2,932.66077,Chlorophyll_13C-37 15N-2
Chlorophyll,C55H72O2N4Mg,Lipid,893.5426,1,55,4,4,280,13C-38 15N-2,933.6641239999999,Chlorophyll_13C-38 15N-2
Chlorophyll,C55H72O2N4Mg,Lipid,893.5426,1,55,4,4,280,13C-39 15N-2,934.667478,Chlorophyll_13C-39 15N-2
Chlorophyll,C55H72O2N4Mg,Lipid,893.5426,1,55,4,4,280,13C-40 15N-2,935.6708319999999,Chlorophyll_13C-40 15N-2
Chlorophyll,C55H72O2N4Mg,Lipid,893.5426,1,55,4,4,280,13C-41 15N-2,936.674186,Chlorophyll_13C-41 15N-2
Chlorophyll,C55H72O2N4Mg,Lipid,893.5426,1,55,4,4,280,13C-42 15N-2,937.6775399999999,Chlorophyll_13C-42 15N-2
Chlorophyll,C55H72O2N4Mg,Lipid,893.5426,1,55,4,4,280,13C-43 15N-2,938.680894,Chlorophyll_13C-43 15N-2
Chlorophyll,C55H72O2N4Mg,Lipid,893.5426,1,55,4,4,280,13C-44 15N-2,939.6842479999999,Chlorophyll_13C-44 15N-2
Chlorophyll,C55H72O2N4Mg,Lipid,893.5426,1,55,4,4,280,13C-45 15N-2,940.687602,Chlorophyll_13C-45 15N-2
Chlorophyll,C55H72O2N4Mg,Lipid,893.5426,1,55,4,4,280,13C-46 15N-2,941.6909559999999,Chlorophyll_13C-46 15N-2
Chlorophyll,C55H72O2N4Mg,Lipid,893.5426,1,55,4,4,280,13C-47 15N-2,942.69431,Chlorophyll_13C-47 15N-2
Chlorophyll,C55H72O2N4Mg,Lipid,893.5426,1,55,4,4,280,13C-48 15N-2,943.6976639999999,Chlorophyll_13C-48 15N-2
Chlorophyll,C55H72O2N4Mg,Lipid,893.5426,1,55,4,4,280,13C-49 15N-2,944.701018,Chlorophyll_13C-49 15N-2
Chlorophyll,C55H72O2N4Mg,Lipid,893.5426,1,55,4,4,280,13C-50 15N-2,945.7043719999999,Chlorophyll_13C-50 15N-2
Chlorophyll,C55H72O2N4Mg,Lipid,893.5426,1,55,4,4,280,13C-51 15N-2,946.707726,Chlorophyll_13C-51 15N-2
Chlorophyll,C55H72O2N4Mg,Lipid,893.5426,1,55,4,4,280,13C-52 15N-2,947.7110799999999,Chlorophyll_13C-52 15N-2
Chlorophyll,C55H72O2N4Mg,Lipid,893.5426,1,55,4,4,280,13C-53 15N-2,948.714434,Chlorophyll_13C-53 15N-2
Chlorophyll,C55H72O2N4Mg,Lipid,893.5426,1,55,4,4,280,13C-54 15N-2,949.7177879999999,Chlorophyll_13C-54 15N-2
Chlorophyll,C55H72O2N4Mg,Lipid,893.5426,1,55,4,4,280,13C-55 15N-2,950.721142,Chlorophyll_13C-55 15N-2
Chlorophyll,C55H72O2N4Mg,Lipid,893.5426,1,55,4,4,280,13C-0 15N-3,896.533708,Chlorophyll_13C-0 15N-3
Chlorophyll,C55H72O2N4Mg,Lipid,893.5426,1,55,4,4,280,13C-1 15N-3,897.537062,Chlorophyll_13C-1 15N-3
Chlorophyll,C55H72O2N4Mg,Lipid,893.5426,1,55,4,4,280,13C-2 15N-3,898.540416,Chlorophyll_13C-2 15N-3
Chlorophyll,C55H72O2N4Mg,Lipid,893.5426,1,55,4,4,280,13C-3 15N-3,899.54377,Chlorophyll_13C-3 15N-3
Chlorophyll,C55H72O2N4Mg,Lipid,893.5426,1,55,4,4,280,13C-4 15N-3,900.547124,Chlorophyll_13C-4 15N-3
Chlorophyll,C55H72O2N4Mg,Lipid,893.5426,1,55,4,4,280,13C-5 15N-3,901.550478,Chlorophyll_13C-5 15N-3
Chlorophyll,C55H72O2N4Mg,Lipid,893.5426,1,55,4,4,280,13C-6 15N-3,902.55383200000006,Chlorophyll_13C-6 15N-3
Chlorophyll,C55H72O2N4Mg,Lipid,893.5426,1,55,4,4,280,13C-7 15N-3,903.557186,Chlorophyll_13C-7 15N-3
Chlorophyll,C55H72O2N4Mg,Lipid,893.5426,1,55,4,4,280,13C-8 15N-3,904.5605400000001,Chlorophyll_13C-8 15N-3
Chlorophyll,C55H72O2N4Mg,Lipid,893.5426,1,55,4,4,280,13C-9 15N-3,905.563894,Chlorophyll_13C-9 15N-3
Chlorophyll,C55H72O2N4Mg,Lipid,893.5426,1,55,4,4,280,13C-10 15N-3,906.5672480000001,Chlorophyll_13C-10 15N-3
Chlorophyll,C55H72O2N4Mg,Lipid,893.5426,1,55,4,4,280,13C-11 15N-3,907.570602,Chlorophyll_13C-11 15N-3
Chlorophyll,C55H72O2N4Mg,Lipid,893.5426,1,55,4,4,280,13C-12 15N-3,908.5739560000001,Chlorophyll_13C-12 15N-3
Chlorophyll,C55H72O2N4Mg,Lipid,893.5426,1,55,4,4,280,13C-13 15N-3,909.57731,Chlorophyll_13C-13 15N-3
Chlorophyll,C55H72O2N4Mg,Lipid,893.5426,1,55,4,4,280,13C-14 15N-3,910.5806640000001,Chlorophyll_13C-14 15N-3
Chlorophyll,C55H72O2N4Mg,Lipid,893.5426,1,55,4,4,280,13C-15 15N-3,911.584018,Chlorophyll_13C-15 15N-3
Chlorophyll,C55H72O2N4Mg,Lipid,893.5426,1,55,4,4,280,13C-16 15N-3,912.5873720000001,Chlorophyll_13C-16 15N-3
Chlorophyll,C55H72O2N4Mg,Lipid,893.5426,1,55,4,4,280,13C-17 15N-3,913.590726,Chlorophyll_13C-17 15N-3
Chlorophyll,C55H72O2N4Mg,Lipid,893.5426,1,55,4,4,280,13C-18 15N-3,914.5940800000001,Chlorophyll_13C-18 15N-3
Chlorophyll,C55H72O2N4Mg,Lipid,893.5426,1,55,4,4,280,13C-19 15N-3,915.597434,Chlorophyll_13C-19 15N-3
Chlorophyll,C55H72O2N4Mg,Lipid,893.5426,1,55,4,4,280,13C-20 15N-3,916.6007880000001,Chlorophyll_13C-20 15N-3
Chlorophyll,C55H72O2N4Mg,Lipid,893.5426,1,55,4,4,280,13C-21 15N-3,917.604142,Chlorophyll_13C-21 15N-3
Chlorophyll,C55H72O2N4Mg,Lipid,893.5426,1,55,4,4,280,13C-22 15N-3,918.6074960000001,Chlorophyll_13C-22 15N-3
Chlorophyll,C55H72O2N4Mg,Lipid,893.5426,1,55,4,4,280,13C-23 15N-3,919.61085,Chlorophyll_13C-23 15N-3
Chlorophyll,C55H72O2N4Mg,Lipid,893.5426,1,55,4,4,280,13C-24 15N-3,920.6142040000001,Chlorophyll_13C-24 15N-3
Chlorophyll,C55H72O2N4Mg,Lipid,893.5426,1,55,4,4,280,13C-25 15N-3,921.617558,Chlorophyll_13C-25 15N-3
Chlorophyll,C55H72O2N4Mg,Lipid,893.5426,1,55,4,4,280,13C-26 15N-3,922.6209120000001,Chlorophyll_13C-26 15N-3
Chlorophyll,C55H72O2N4Mg,Lipid,893.5426,1,55,4,4,280,13C-27 15N-3,923.624266,Chlorophyll_13C-27 15N-3
Chlorophyll,C55H72O2N4Mg,Lipid,893.5426,1,55,4,4,280,13C-28 15N-3,924.6276200000001,Chlorophyll_13C-28 15N-3
Chlorophyll,C55H72O2N4Mg,Lipid,893.5426,1,55,4,4,280,13C-29 15N-3,925.630974,Chlorophyll_13C-29 15N-3
Chlorophyll,C55H72O2N4Mg,Lipid,893.5426,1,55,4,4,280,13C-30 15N-3,926.6343280000001,Chlorophyll_13C-30 15N-3
Chlorophyll,C55H72O2N4Mg,Lipid,893.5426,1,55,4,4,280,13C-31 15N-3,927.637682,Chlorophyll_13C-31 15N-3
Chlorophyll,C55H72O2N4Mg,Lipid,893.5426,1,55,4,4,280,13C-32 15N-3,928.6410360000001,Chlorophyll_13C-32 15N-3
Chlorophyll,C55H72O2N4Mg,Lipid,893.5426,1,55,4,4,280,13C-33 15N-3,929.64439,Chlorophyll_13C-33 15N-3
Chlorophyll,C55H72O2N4Mg,Lipid,893.5426,1,55,4,4,280,13C-34 15N-3,930.6477440000001,Chlorophyll_13C-34 15N-3
Chlorophyll,C55H72O2N4Mg,Lipid,893.5426,1,55,4,4,280,13C-35 15N-3,931.651098,Chlorophyll_13C-35 15N-3
Chlorophyll,C55H72O2N4Mg,Lipid,893.5426,1,55,4,4,280,13C-36 15N-3,932.6544520000001,Chlorophyll_13C-36 15N-3
Chlorophyll,C55H72O2N4Mg,Lipid,893.5426,1,55,4,4,280,13C-37 15N-3,933.657806,Chlorophyll_13C-37 15N-3
Chlorophyll,C55H72O2N4Mg,Lipid,893.5426,1,55,4,4,280,13C-38 15N-3,934.66116,Chlorophyll_13C-38 15N-3
Chlorophyll,C55H72O2N4Mg,Lipid,893.5426,1,55,4,4,280,13C-39 15N-3,935.664514,Chlorophyll_13C-39 15N-3
Chlorophyll,C55H72O2N4Mg,Lipid,893.5426,1,55,4,4,280,13C-40 15N-3,936.667868,Chlorophyll_13C-40 15N-3
Chlorophyll,C55H72O2N4Mg,Lipid,893.5426,1,55,4,4,280,13C-41 15N-3,937.6712220000001,Chlorophyll_13C-41 15N-3
Chlorophyll,C55H72O2N4Mg,Lipid,893.5426,1,55,4,4,280,13C-42 15N-3,938.674576,Chlorophyll_13C-42 15N-3
Chlorophyll,C55H72O2N4Mg,Lipid,893.5426,1,55,4,4,280,13C-43 15N-3,939.6779300000001,Chlorophyll_13C-43 15N-3
Chlorophyll,C55H72O2N4Mg,Lipid,893.5426,1,55,4,4,280,13C-44 15N-3,940.681284,Chlorophyll_13C-44 15N-3
Chlorophyll,C55H72O2N4Mg,Lipid,893.5426,1,55,4,4,280,13C-45 15N-3,941.6846380000001,Chlorophyll_13C-45 15N-3
Chlorophyll,C55H72O2N4Mg,Lipid,893.5426,1,55,4,4,280,13C-46 15N-3,942.687992,Chlorophyll_13C-46 15N-3
Chlorophyll,C55H72O2N4Mg,Lipid,893.5426,1,55,4,4,280,13C-47 15N-3,943.6913460000001,Chlorophyll_13C-47 15N-3
Chlorophyll,C55H72O2N4Mg,Lipid,893.5426,1,55,4,4,280,13C-48 15N-3,944.6947,Chlorophyll_13C-48 15N-3
Chlorophyll,C55H72O2N4Mg,Lipid,893.5426,1,55,4,4,280,13C-49 15N-3,945.6980540000001,Chlorophyll_13C-49 15N-3
Chlorophyll,C55H72O2N4Mg,Lipid,893.5426,1,55,4,4,280,13C-50 15N-3,946.701408,Chlorophyll_13C-50 15N-3
Chlorophyll,C55H72O2N4Mg,Lipid,893.5426,1,55,4,4,280,13C-51 15N-3,947.7047620000001,Chlorophyll_13C-51 15N-3
Chlorophyll,C55H72O2N4Mg,Lipid,893.5426,1,55,4,4,280,13C-52 15N-3,948.708116,Chlorophyll_13C-52 15N-3
Chlorophyll,C55H72O2N4Mg,Lipid,893.5426,1,55,4,4,280,13C-53 15N-3,949.7114700000001,Chlorophyll_13C-53 15N-3
Chlorophyll,C55H72O2N4Mg,Lipid,893.5426,1,55,4,4,280,13C-54 15N-3,950.714824,Chlorophyll_13C-54 15N-3
Chlorophyll,C55H72O2N4Mg,Lipid,893.5426,1,55,4,4,280,13C-55 15N-3,951.7181780000001,Chlorophyll_13C-55 15N-3
Chlorophyll,C55H72O2N4Mg,Lipid,893.5426,1,55,4,4,280,13C-0 15N-4,897.530744,Chlorophyll_13C-0 15N-4
Chlorophyll,C55H72O2N4Mg,Lipid,893.5426,1,55,4,4,280,13C-1 15N-4,898.534098,Chlorophyll_13C-1 15N-4
Chlorophyll,C55H72O2N4Mg,Lipid,893.5426,1,55,4,4,280,13C-2 15N-4,899.537452,Chlorophyll_13C-2 15N-4
Chlorophyll,C55H72O2N4Mg,Lipid,893.5426,1,55,4,4,280,13C-3 15N-4,900.540806,Chlorophyll_13C-3 15N-4
Chlorophyll,C55H72O2N4Mg,Lipid,893.5426,1,55,4,4,280,13C-4 15N-4,901.54416,Chlorophyll_13C-4 15N-4
Chlorophyll,C55H72O2N4Mg,Lipid,893.5426,1,55,4,4,280,13C-5 15N-4,902.547514,Chlorophyll_13C-5 15N-4
Chlorophyll,C55H72O2N4Mg,Lipid,893.5426,1,55,4,4,280,13C-6 15N-4,903.550868,Chlorophyll_13C-6 15N-4
Chlorophyll,C55H72O2N4Mg,Lipid,893.5426,1,55,4,4,280,13C-7 15N-4,904.554222,Chlorophyll_13C-7 15N-4
Chlorophyll,C55H72O2N4Mg,Lipid,893.5426,1,55,4,4,280,13C-8 15N-4,905.557576,Chlorophyll_13C-8 15N-4
Chlorophyll,C55H72O2N4Mg,Lipid,893.5426,1,55,4,4,280,13C-9 15N-4,906.56093,Chlorophyll_13C-9 15N-4
Chlorophyll,C55H72O2N4Mg,Lipid,893.5426,1,55,4,4,280,13C-10 15N-4,907.564284,Chlorophyll_13C-10 15N-4
Chlorophyll,C55H72O2N4Mg,Lipid,893.5426,1,55,4,4,280,13C-11 15N-4,908.567638,Chlorophyll_13C-11 15N-4
Chlorophyll,C55H72O2N4Mg,Lipid,893.5426,1,55,4,4,280,13C-12 15N-4,909.570992,Chlorophyll_13C-12 15N-4
Chlorophyll,C55H72O2N4Mg,Lipid,893.5426,1,55,4,4,280,13C-13 15N-4,910.574346,Chlorophyll_13C-13 15N-4
Chlorophyll,C55H72O2N4Mg,Lipid,893.5426,1,55,4,4,280,13C-14 15N-4,911.5777,Chlorophyll_13C-14 15N-4
Chlorophyll,C55H72O2N4Mg,Lipid,893.5426,1,55,4,4,280,13C-15 15N-4,912.581054,Chlorophyll_13C-15 15N-4
Chlorophyll,C55H72O2N4Mg,Lipid,893.5426,1,55,4,4,280,13C-16 15N-4,913.584408,Chlorophyll_13C-16 15N-4
Chlorophyll,C55H72O2N4Mg,Lipid,893.5426,1,55,4,4,280,13C-17 15N-4,914.587762,Chlorophyll_13C-17 15N-4
Chlorophyll,C55H72O2N4Mg,Lipid,893.5426,1,55,4,4,280,13C-18 15N-4,915.591116,Chlorophyll_13C-18 15N-4
Chlorophyll,C55H72O2N4Mg,Lipid,893.5426,1,55,4,4,280,13C-19 15N-4,916.59447,Chlorophyll_13C-19 15N-4
Chlorophyll,C55H72O2N4Mg,Lipid,893.5426,1,55,4,4,280,13C-20 15N-4,917.5978240000001,Chlorophyll_13C-20 15N-4
Chlorophyll,C55H72O2N4Mg,Lipid,893.5426,1,55,4,4,280,13C-21 15N-4,918.601178,Chlorophyll_13C-21 15N-4
Chlorophyll,C55H72O2N4Mg,Lipid,893.5426,1,55,4,4,280,13C-22 15N-4,919.6045320000001,Chlorophyll_13C-22 15N-4
Chlorophyll,C55H72O2N4Mg,Lipid,893.5426,1,55,4,4,280,13C-23 15N-4,920.607886,Chlorophyll_13C-23 15N-4
Chlorophyll,C55H72O2N4Mg,Lipid,893.5426,1,55,4,4,280,13C-24 15N-4,921.6112400000001,Chlorophyll_13C-24 15N-4
Chlorophyll,C55H72O2N4Mg,Lipid,893.5426,1,55,4,4,280,13C-25 15N-4,922.614594,Chlorophyll_13C-25 15N-4
Chlorophyll,C55H72O2N4Mg,Lipid,893.5426,1,55,4,4,280,13C-26 15N-4,923.6179480000001,Chlorophyll_13C-26 15N-4
Chlorophyll,C55H72O2N4Mg,Lipid,893.5426,1,55,4,4,280,13C-27 15N-4,924.621302,Chlorophyll_13C-27 15N-4
Chlorophyll,C55H72O2N4Mg,Lipid,893.5426,1,55,4,4,280,13C-28 15N-4,925.6246560000001,Chlorophyll_13C-28 15N-4
Chlorophyll,C55H72O2N4Mg,Lipid,893.5426,1,55,4,4,280,13C-29 15N-4,926.62801,Chlorophyll_13C-29 15N-4
Chlorophyll,C55H72O2N4Mg,Lipid,893.5426,1,55,4,4,280,13C-30 15N-4,927.6313640000001,Chlorophyll_13C-30 15N-4
Chlorophyll,C55H72O2N4Mg,Lipid,893.5426,1,55,4,4,280,13C-31 15N-4,928.634718,Chlorophyll_13C-31 15N-4
Chlorophyll,C55H72O2N4Mg,Lipid,893.5426,1,55,4,4,280,13C-32 15N-4,929.6380720000001,Chlorophyll_13C-32 15N-4
Chlorophyll,C55H72O2N4Mg,Lipid,893.5426,1,55,4,4,280,13C-33 15N-4,930.641426,Chlorophyll_13C-33 15N-4
Chlorophyll,C55H72O2N4Mg,Lipid,893.5426,1,55,4,4,280,13C-34 15N-4,931.6447800000001,Chlorophyll_13C-34 15N-4
Chlorophyll,C55H72O2N4Mg,Lipid,893.5426,1,55,4,4,280,13C-35 15N-4,932.648134,Chlorophyll_13C-35 15N-4
Chlorophyll,C55H72O2N4Mg,Lipid,893.5426,1,55,4,4,280,13C-36 15N-4,933.6514880000001,Chlorophyll_13C-36 15N-4
Chlorophyll,C55H72O2N4Mg,Lipid,893.5426,1,55,4,4,280,13C-37 15N-4,934.654842,Chlorophyll_13C-37 15N-4
Chlorophyll,C55H72O2N4Mg,Lipid,893.5426,1,55,4,4,280,13C-38 15N-4,935.658196,Chlorophyll_13C-38 15N-4
Chlorophyll,C55H72O2N4Mg,Lipid,893.5426,1,55,4,4,280,13C-39 15N-4,936.66155,Chlorophyll_13C-39 15N-4
Chlorophyll,C55H72O2N4Mg,Lipid,893.5426,1,55,4,4,280,13C-40 15N-4,937.664904,Chlorophyll_13C-40 15N-4
Chlorophyll,C55H72O2N4Mg,Lipid,893.5426,1,55,4,4,280,13C-41 15N-4,938.668258,Chlorophyll_13C-41 15N-4
Chlorophyll,C55H72O2N4Mg,Lipid,893.5426,1,55,4,4,280,13C-42 15N-4,939.671612,Chlorophyll_13C-42 15N-4
Chlorophyll,C55H72O2N4Mg,Lipid,893.5426,1,55,4,4,280,13C-43 15N-4,940.674966,Chlorophyll_13C-43 15N-4
Chlorophyll,C55H72O2N4Mg,Lipid,893.5426,1,55,4,4,280,13C-44 15N-4,941.67832,Chlorophyll_13C-44 15N-4
Chlorophyll,C55H72O2N4Mg,Lipid,893.5426,1,55,4,4,280,13C-45 15N-4,942.681674,Chlorophyll_13C-45 15N-4
Chlorophyll,C55H72O2N4Mg,Lipid,893.5426,1,55,4,4,280,13C-46 15N-4,943.685028,Chlorophyll_13C-46 15N-4
Chlorophyll,C55H72O2N4Mg,Lipid,893.5426,1,55,4,4,280,13C-47 15N-4,944.688382,Chlorophyll_13C-47 15N-4
Chlorophyll,C55H72O2N4Mg,Lipid,893.5426,1,55,4,4,280,13C-48 15N-4,945.691736,Chlorophyll_13C-48 15N-4
Chlorophyll,C55H72O2N4Mg,Lipid,893.5426,1,55,4,4,280,13C-49 15N-4,946.69509,Chlorophyll_13C-49 15N-4
Chlorophyll,C55H72O2N4Mg,Lipid,893.5426,1,55,4,4,280,13C-50 15N-4,947.698444,Chlorophyll_13C-50 15N-4
Chlorophyll,C55H72O2N4Mg,Lipid,893.5426,1,55,4,4,280,13C-51 15N-4,948.701798,Chlorophyll_13C-51 15N-4
Chlorophyll,C55H72O2N4Mg,Lipid,893.5426,1,55,4,4,280,13C-52 15N-4,949.705152,Chlorophyll_13C-52 15N-4
Chlorophyll,C55H72O2N4Mg,Lipid,893.5426,1,55,4,4,280,13C-53 15N-4,950.70850600000006,Chlorophyll_13C-53 15N-4
Chlorophyll,C55H72O2N4Mg,Lipid,893.5426,1,55,4,4,280,13C-54 15N-4,951.71186,Chlorophyll_13C-54 15N-4
Chlorophyll,C55H72O2N4Mg,Lipid,893.5426,1,55,4,4,280,13C-55 15N-4,952.7152140000001,Chlorophyll_13C-55 15N-4
